resi,dGopen_kcal,grade,resn
2,1.831,B,
3,6.335,B,
4,6.307,B,
5,5.897,B,
6,4.929,B,
7,6.108,B,
12,2.969,B,
13,5.202,B,
15,2.526,B,
16,3.436,B,
17,5.565,B,
22,2.171,B,
23,5.771,B,
25,4.292,B,
26,7.699,B,
28,5.513,B,
29,5.897,B,
30,7.169,B,
31,4.703,B,
32,2.015,B,
36,2.837,B,
40,2.679,B,
41,4.093,B,
42,4.503,B,
44,6.307,B,
45,4.333,B,
48,4.586,B,
49,2.482,B,
50,3.855,B,
55,4.818,B,
56,6.045,B,
57,3.436,B,
58,2.969,B,
59,5.612,B,
60,2.426,B,
61,4.611,B,
65,4.201,B,
67,3.93,B,
68,4.407,B,
69,5.339,B,
70,4.724,B,
